name,wavelength,reflectance
kaolinite,383.15,0.228500
kaolinite,392.84,0.230100
kaolinite,402.54,0.255400
kaolinite,412.25,0.259300
kaolinite,421.98,0.270600
kaolinite,431.71,0.276500
kaolinite,441.46,0.294400
kaolinite,451.22,0.311500
kaolinite,460.99,0.322800
kaolinite,470.76,0.330600
kaolinite,480.55,0.339100
kaolinite,490.34,0.347500
kaolinite,500.14,0.357800
kaolinite,509.95,0.369700
kaolinite,519.76,0.381800
kaolinite,529.58,0.396900
kaolinite,539.40,0.411700
kaolinite,549.23,0.427500
kaolinite,559.07,0.445650
kaolinite,568.90,0.464500
kaolinite,578.74,0.483100
kaolinite,588.58,0.500500
kaolinite,598.43,0.515150
kaolinite,608.27,0.526200
kaolinite,618.11,0.535100
kaolinite,627.96,0.544500
kaolinite,637.80,0.551700
kaolinite,647.65,0.558100
kaolinite,657.49,0.563250
kaolinite,667.33,0.571700
kaolinite,677.17,0.578450
kaolinite,687.00,0.589600
kaolinite,692.02,0.598550
kaolinite,701.59,0.612950
kaolinite,711.17,0.626700
kaolinite,720.75,0.640400
kaolinite,730.34,0.651450
kaolinite,739.92,0.659800
kaolinite,749.51,0.668100
kaolinite,759.09,0.674700
kaolinite,768.68,0.676900
kaolinite,778.27,0.680200
kaolinite,787.87,0.683000
kaolinite,797.46,0.685000
kaolinite,807.05,0.687250
kaolinite,816.65,0.691400
kaolinite,826.25,0.692500
kaolinite,835.85,0.693600
kaolinite,845.45,0.694900
kaolinite,855.05,0.696400
kaolinite,864.65,0.698900
kaolinite,874.25,0.700250
kaolinite,883.85,0.702700
kaolinite,893.46,0.705400
kaolinite,903.06,0.709200
kaolinite,912.67,0.710900
kaolinite,922.27,0.715100
kaolinite,931.88,0.720100
kaolinite,941.49,0.726400
kaolinite,951.09,0.727250
kaolinite,960.70,0.732200
kaolinite,970.31,0.738000
kaolinite,979.92,0.744950
kaolinite,989.53,0.751200
kaolinite,999.13,0.756750
kaolinite,1008.70,0.763300
kaolinite,1018.30,0.769700
kaolinite,1028.00,0.774900
kaolinite,1037.60,0.780250
kaolinite,1047.20,0.785500
kaolinite,1056.80,0.790500
kaolinite,1066.40,0.795250
kaolinite,1076.00,0.798800
kaolinite,1085.60,0.801600
kaolinite,1095.20,0.803900
kaolinite,1104.80,0.807650
kaolinite,1114.40,0.810550
kaolinite,1124.00,0.811300
kaolinite,1133.60,0.821800
kaolinite,1143.20,0.822650
kaolinite,1152.80,0.818700
kaolinite,1162.40,0.823250
kaolinite,1172.00,0.825700
kaolinite,1181.60,0.829250
kaolinite,1191.20,0.830800
kaolinite,1200.80,0.833900
kaolinite,1210.40,0.837700
kaolinite,1220.00,0.839500
kaolinite,1229.60,0.843100
kaolinite,1239.20,0.844600
kaolinite,1248.80,0.848300
kaolinite,1258.40,0.851500
kaolinite,1268.00,0.848850
kaolinite,1272.80,0.857200
kaolinite,1282.80,0.859200
kaolinite,1292.70,0.859650
kaolinite,1302.70,0.858700
kaolinite,1312.60,0.857400
kaolinite,1322.60,0.852800
kaolinite,1332.60,0.846850
kaolinite,1342.50,0.845700
kaolinite,1352.50,0.845000
kaolinite,1362.40,0.001000
kaolinite,1372.40,0.801950
kaolinite,1382.40,0.789900
kaolinite,1392.30,0.825800
kaolinite,1402.30,0.779300
kaolinite,1412.20,0.725600
kaolinite,1422.20,0.728900
kaolinite,1432.20,0.740900
kaolinite,1442.10,0.748000
kaolinite,1452.10,0.748250
kaolinite,1462.00,0.750000
kaolinite,1472.00,0.743650
kaolinite,1481.90,0.754850
kaolinite,1491.90,0.770700
kaolinite,1501.90,0.781700
kaolinite,1511.80,0.792850
kaolinite,1521.80,0.800600
kaolinite,1531.70,0.806350
kaolinite,1541.70,0.811400
kaolinite,1551.70,0.815600
kaolinite,1561.60,0.818850
kaolinite,1571.60,0.822400
kaolinite,1581.50,0.824900
kaolinite,1591.50,0.828000
kaolinite,1601.40,0.831000
kaolinite,1611.40,0.835750
kaolinite,1621.30,0.838750
kaolinite,1631.30,0.840900
kaolinite,1641.20,0.842450
kaolinite,1651.20,0.844300
kaolinite,1661.20,0.842850
kaolinite,1671.10,0.841700
kaolinite,1681.10,0.838900
kaolinite,1691.00,0.835950
kaolinite,1701.00,0.832100
kaolinite,1710.90,0.827650
kaolinite,1720.90,0.821600
kaolinite,1730.80,0.815300
kaolinite,1740.80,0.812200
kaolinite,1750.70,0.807500
kaolinite,1760.70,0.801800
kaolinite,1770.60,0.802300
kaolinite,1780.60,0.806050
kaolinite,1790.50,0.813700
kaolinite,1800.50,0.817300
kaolinite,1810.40,0.832200
kaolinite,1820.40,0.877800
kaolinite,1830.30,0.876450
kaolinite,1840.30,0.837300
kaolinite,1850.20,0.911000
kaolinite,1860.20,0.830650
kaolinite,1870.10,0.838050
kaolinite,1880.10,0.830000
kaolinite,1880.40,0.687900
kaolinite,1890.40,0.622100
kaolinite,1900.50,0.622600
kaolinite,1910.60,0.551250
kaolinite,1920.60,0.652100
kaolinite,1930.60,0.656300
kaolinite,1940.70,0.644550
kaolinite,1950.70,0.655200
kaolinite,1960.80,0.667650
kaolinite,1970.80,0.679800
kaolinite,1980.80,0.690050
kaolinite,1990.80,0.700550
kaolinite,2000.90,0.708650
kaolinite,2010.90,0.717500
kaolinite,2020.90,0.720100
kaolinite,2030.90,0.715350
kaolinite,2040.90,0.713300
kaolinite,2050.90,0.709250
kaolinite,2060.90,0.704700
kaolinite,2071.00,0.700450
kaolinite,2081.00,0.696950
kaolinite,2091.00,0.693300
kaolinite,2101.00,0.687400
kaolinite,2111.00,0.682200
kaolinite,2121.00,0.673150
kaolinite,2130.90,0.663950
kaolinite,2140.90,0.651450
kaolinite,2150.90,0.628650
kaolinite,2160.90,0.608000
kaolinite,2170.90,0.599250
kaolinite,2180.90,0.592800
kaolinite,2190.80,0.587200
kaolinite,2200.80,0.578100
kaolinite,2210.80,0.569150
kaolinite,2220.80,0.607500
kaolinite,2230.70,0.628050
kaolinite,2240.70,0.629200
kaolinite,2250.60,0.626600
kaolinite,2260.60,0.620300
kaolinite,2270.60,0.615000
kaolinite,2280.50,0.607400
kaolinite,2290.40,0.600400
kaolinite,2300.40,0.592400
kaolinite,2310.40,0.574400
kaolinite,2320.30,0.569650
kaolinite,2330.20,0.571400
kaolinite,2340.20,0.577350
kaolinite,2350.10,0.574750
kaolinite,2360.00,0.575350
kaolinite,2370.00,0.571500
kaolinite,2379.90,0.557800
kaolinite,2389.80,0.544500
kaolinite,2399.70,0.538700
kaolinite,2409.60,0.531000
kaolinite,2419.60,0.516750
kaolinite,2429.50,0.501900
kaolinite,2439.40,0.490650
kaolinite,2449.30,0.475600
kaolinite,2459.20,0.458950
kaolinite,2469.10,0.444900
kaolinite,2479.00,0.437300
kaolinite,2488.90,0.426200
kaolinite,2498.80,0.406400
kaolinite,2508.70,0.401900
alunite,383.15,0.227800
alunite,392.84,0.215200
alunite,402.54,0.241100
alunite,412.25,0.245300
alunite,421.98,0.257900
alunite,431.71,0.265400
alunite,441.46,0.288500
alunite,451.22,0.304100
alunite,460.99,0.314900
alunite,470.76,0.319100
alunite,480.55,0.326200
alunite,490.34,0.331750
alunite,500.14,0.343600
alunite,509.95,0.355100
alunite,519.76,0.369900
alunite,529.58,0.387000
alunite,539.40,0.405000
alunite,549.23,0.423300
alunite,559.07,0.440750
alunite,568.90,0.457200
alunite,578.74,0.473400
alunite,588.58,0.487400
alunite,598.43,0.499500
alunite,608.27,0.508700
alunite,618.11,0.516350
alunite,627.96,0.522900
alunite,637.80,0.529500
alunite,647.65,0.533800
alunite,657.49,0.539250
alunite,667.33,0.545550
alunite,677.17,0.553250
alunite,687.00,0.565250
alunite,692.02,0.576150
alunite,701.59,0.597150
alunite,711.17,0.616300
alunite,720.75,0.636400
alunite,730.34,0.651850
alunite,739.92,0.663700
alunite,749.51,0.672500
alunite,759.09,0.682300
alunite,768.68,0.683650
alunite,778.27,0.685300
alunite,787.87,0.688550
alunite,797.46,0.688300
alunite,807.05,0.688850
alunite,816.65,0.690500
alunite,826.25,0.691300
alunite,835.85,0.690200
alunite,845.45,0.691100
alunite,855.05,0.691750
alunite,864.65,0.692300
alunite,874.25,0.693400
alunite,883.85,0.694050
alunite,893.46,0.695100
alunite,903.06,0.693750
alunite,912.67,0.696200
alunite,922.27,0.701350
alunite,931.88,0.700850
alunite,941.49,0.708800
alunite,951.09,0.707950
alunite,960.70,0.713550
alunite,970.31,0.718400
alunite,979.92,0.722700
alunite,989.53,0.727850
alunite,999.13,0.731900
alunite,1008.70,0.738200
alunite,1018.30,0.745050
alunite,1028.00,0.751900
alunite,1037.60,0.757600
alunite,1047.20,0.763400
alunite,1056.80,0.768500
alunite,1066.40,0.773650
alunite,1076.00,0.776750
alunite,1085.60,0.780100
alunite,1095.20,0.781550
alunite,1104.80,0.784500
alunite,1114.40,0.789300
alunite,1124.00,0.788150
alunite,1133.60,0.806200
alunite,1143.20,0.809850
alunite,1152.80,0.799200
alunite,1162.40,0.807250
alunite,1172.00,0.810800
alunite,1181.60,0.813200
alunite,1191.20,0.817600
alunite,1200.80,0.821000
alunite,1210.40,0.824750
alunite,1220.00,0.829500
alunite,1229.60,0.833750
alunite,1239.20,0.835650
alunite,1248.80,0.838550
alunite,1258.40,0.841000
alunite,1268.00,0.838500
alunite,1272.80,0.847800
alunite,1282.80,0.852600
alunite,1292.70,0.856300
alunite,1302.70,0.855400
alunite,1312.60,0.852650
alunite,1322.60,0.848050
alunite,1332.60,0.832800
alunite,1342.50,0.840450
alunite,1352.50,0.828250
alunite,1362.40,0.001000
alunite,1372.40,0.689550
alunite,1382.40,0.680400
alunite,1392.30,0.752300
alunite,1402.30,0.712550
alunite,1412.20,0.715900
alunite,1422.20,0.674000
alunite,1432.20,0.683850
alunite,1442.10,0.705450
alunite,1452.10,0.694300
alunite,1462.00,0.688100
alunite,1472.00,0.645000
alunite,1481.90,0.668650
alunite,1491.90,0.713500
alunite,1501.90,0.735700
alunite,1511.80,0.758150
alunite,1521.80,0.771900
alunite,1531.70,0.781600
alunite,1541.70,0.790700
alunite,1551.70,0.795700
alunite,1561.60,0.800900
alunite,1571.60,0.805800
alunite,1581.50,0.808100
alunite,1591.50,0.810650
alunite,1601.40,0.816400
alunite,1611.40,0.820700
alunite,1621.30,0.824700
alunite,1631.30,0.827200
alunite,1641.20,0.830050
alunite,1651.20,0.830900
alunite,1661.20,0.828800
alunite,1671.10,0.826750
alunite,1681.10,0.822200
alunite,1691.00,0.817150
alunite,1701.00,0.811600
alunite,1710.90,0.804550
alunite,1720.90,0.794450
alunite,1730.80,0.777950
alunite,1740.80,0.761200
alunite,1750.70,0.743200
alunite,1760.70,0.734000
alunite,1770.60,0.740800
alunite,1780.60,0.755750
alunite,1790.50,0.788550
alunite,1800.50,0.807100
alunite,1810.40,0.835100
alunite,1820.40,0.895150
alunite,1830.30,0.773800
alunite,1840.30,0.740750
alunite,1850.20,0.804300
alunite,1860.20,0.692100
alunite,1870.10,0.730800
alunite,1880.10,0.766600
alunite,1880.40,0.614300
alunite,1890.40,0.588950
alunite,1900.50,0.527350
alunite,1910.60,0.441100
alunite,1920.60,0.692600
alunite,1930.60,0.674150
alunite,1940.70,0.626150
alunite,1950.70,0.652500
alunite,1960.80,0.651650
alunite,1970.80,0.654250
alunite,1980.80,0.656000
alunite,1990.80,0.658050
alunite,2000.90,0.669800
alunite,2010.90,0.673800
alunite,2020.90,0.666550
alunite,2030.90,0.651550
alunite,2040.90,0.643250
alunite,2050.90,0.639300
alunite,2060.90,0.631000
alunite,2071.00,0.628250
alunite,2081.00,0.623300
alunite,2091.00,0.616200
alunite,2101.00,0.603050
alunite,2111.00,0.586100
alunite,2121.00,0.563650
alunite,2130.90,0.542550
alunite,2140.90,0.528400
alunite,2150.90,0.508300
alunite,2160.90,0.494250
alunite,2170.90,0.492400
alunite,2180.90,0.489500
alunite,2190.80,0.505850
alunite,2200.80,0.521900
alunite,2210.80,0.513600
alunite,2220.80,0.562250
alunite,2230.70,0.602250
alunite,2240.70,0.612950
alunite,2250.60,0.612000
alunite,2260.60,0.607100
alunite,2270.60,0.599600
alunite,2280.50,0.596200
alunite,2290.40,0.591000
alunite,2300.40,0.576400
alunite,2310.40,0.533200
alunite,2320.30,0.512400
alunite,2330.20,0.522500
alunite,2340.20,0.548000
alunite,2350.10,0.557800
alunite,2360.00,0.559850
alunite,2370.00,0.547200
alunite,2379.90,0.518500
alunite,2389.80,0.481750
alunite,2399.70,0.466800
alunite,2409.60,0.462700
alunite,2419.60,0.442350
alunite,2429.50,0.421100
alunite,2439.40,0.417350
alunite,2449.30,0.416000
alunite,2459.20,0.398700
alunite,2469.10,0.388100
alunite,2479.00,0.387200
alunite,2488.90,0.384800
alunite,2498.80,0.356200
alunite,2508.70,0.339100
calcite,383.15,0.207200
calcite,392.84,0.198100
calcite,402.54,0.226500
calcite,412.25,0.226900
calcite,421.98,0.236000
calcite,431.71,0.236000
calcite,441.46,0.251700
calcite,451.22,0.261500
calcite,460.99,0.269400
calcite,470.76,0.270800
calcite,480.55,0.277100
calcite,490.34,0.282200
calcite,500.14,0.290900
calcite,509.95,0.301500
calcite,519.76,0.313400
calcite,529.58,0.327400
calcite,539.40,0.339200
calcite,549.23,0.350600
calcite,559.07,0.361100
calcite,568.90,0.370800
calcite,578.74,0.379450
calcite,588.58,0.386500
calcite,598.43,0.393000
calcite,608.27,0.397400
calcite,618.11,0.401100
calcite,627.96,0.404700
calcite,637.80,0.408450
calcite,647.65,0.410500
calcite,657.49,0.412100
calcite,667.33,0.414700
calcite,677.17,0.417200
calcite,687.00,0.425050
calcite,692.02,0.431850
calcite,701.59,0.443550
calcite,711.17,0.456150
calcite,720.75,0.468400
calcite,730.34,0.478250
calcite,739.92,0.486250
calcite,749.51,0.493100
calcite,759.09,0.501300
calcite,768.68,0.501300
calcite,778.27,0.503650
calcite,787.87,0.506100
calcite,797.46,0.508750
calcite,807.05,0.511050
calcite,816.65,0.512550
calcite,826.25,0.514100
calcite,835.85,0.514700
calcite,845.45,0.516700
calcite,855.05,0.518250
calcite,864.65,0.518500
calcite,874.25,0.520000
calcite,883.85,0.520700
calcite,893.46,0.521050
calcite,903.06,0.520100
calcite,912.67,0.521650
calcite,922.27,0.523700
calcite,931.88,0.523800
calcite,941.49,0.528200
calcite,951.09,0.527000
calcite,960.70,0.528100
calcite,970.31,0.530800
calcite,979.92,0.533750
calcite,989.53,0.536950
calcite,999.13,0.539650
calcite,1008.70,0.542550
calcite,1018.30,0.546000
calcite,1028.00,0.548650
calcite,1037.60,0.552100
calcite,1047.20,0.554600
calcite,1056.80,0.557650
calcite,1066.40,0.560600
calcite,1076.00,0.562350
calcite,1085.60,0.563850
calcite,1095.20,0.564050
calcite,1104.80,0.564950
calcite,1114.40,0.567750
calcite,1124.00,0.564850
calcite,1133.60,0.573600
calcite,1143.20,0.576650
calcite,1152.80,0.570700
calcite,1162.40,0.575450
calcite,1172.00,0.576900
calcite,1181.60,0.580000
calcite,1191.20,0.581350
calcite,1200.80,0.585850
calcite,1210.40,0.587200
calcite,1220.00,0.591700
calcite,1229.60,0.596650
calcite,1239.20,0.599100
calcite,1248.80,0.603300
calcite,1258.40,0.604800
calcite,1268.00,0.606750
calcite,1272.80,0.610000
calcite,1282.80,0.611850
calcite,1292.70,0.612300
calcite,1302.70,0.610450
calcite,1312.60,0.609800
calcite,1322.60,0.608900
calcite,1332.60,0.599400
calcite,1342.50,0.604000
calcite,1352.50,0.615500
calcite,1362.40,0.001000
calcite,1372.40,0.575050
calcite,1382.40,0.569150
calcite,1392.30,0.622800
calcite,1402.30,0.578600
calcite,1412.20,0.561300
calcite,1422.20,0.550900
calcite,1432.20,0.553850
calcite,1442.10,0.555250
calcite,1452.10,0.556850
calcite,1462.00,0.558500
calcite,1472.00,0.559350
calcite,1481.90,0.558600
calcite,1491.90,0.565350
calcite,1501.90,0.572450
calcite,1511.80,0.577350
calcite,1521.80,0.583000
calcite,1531.70,0.587100
calcite,1541.70,0.590400
calcite,1551.70,0.593700
calcite,1561.60,0.596300
calcite,1571.60,0.599600
calcite,1581.50,0.601850
calcite,1591.50,0.604400
calcite,1601.40,0.607700
calcite,1611.40,0.611750
calcite,1621.30,0.613700
calcite,1631.30,0.615100
calcite,1641.20,0.617700
calcite,1651.20,0.618400
calcite,1661.20,0.620100
calcite,1671.10,0.620100
calcite,1681.10,0.620250
calcite,1691.00,0.619550
calcite,1701.00,0.618200
calcite,1710.90,0.617200
calcite,1720.90,0.616000
calcite,1730.80,0.614650
calcite,1740.80,0.613850
calcite,1750.70,0.613950
calcite,1760.70,0.613900
calcite,1770.60,0.614050
calcite,1780.60,0.612200
calcite,1790.50,0.618600
calcite,1800.50,0.620600
calcite,1810.40,0.640700
calcite,1820.40,0.702150
calcite,1830.30,0.563250
calcite,1840.30,0.680750
calcite,1850.20,0.751900
calcite,1860.20,0.613600
calcite,1870.10,0.565350
calcite,1880.10,0.588300
calcite,1880.40,0.497100
calcite,1890.40,0.494150
calcite,1900.50,0.493800
calcite,1910.60,0.475450
calcite,1920.60,0.629700
calcite,1930.60,0.556050
calcite,1940.70,0.528550
calcite,1950.70,0.541400
calcite,1960.80,0.544400
calcite,1970.80,0.550750
calcite,1980.80,0.552150
calcite,1990.80,0.559650
calcite,2000.90,0.576000
calcite,2010.90,0.590700
calcite,2020.90,0.590750
calcite,2030.90,0.583250
calcite,2040.90,0.583450
calcite,2050.90,0.588500
calcite,2060.90,0.586800
calcite,2071.00,0.588850
calcite,2081.00,0.585350
calcite,2091.00,0.587900
calcite,2101.00,0.585400
calcite,2111.00,0.589150
calcite,2121.00,0.591000
calcite,2130.90,0.593650
calcite,2140.90,0.593850
calcite,2150.90,0.588650
calcite,2160.90,0.586300
calcite,2170.90,0.582600
calcite,2180.90,0.576350
calcite,2190.80,0.570950
calcite,2200.80,0.563550
calcite,2210.80,0.564100
calcite,2220.80,0.564700
calcite,2230.70,0.564950
calcite,2240.70,0.560400
calcite,2250.60,0.553800
calcite,2260.60,0.545450
calcite,2270.60,0.535800
calcite,2280.50,0.522100
calcite,2290.40,0.510450
calcite,2300.40,0.501400
calcite,2310.40,0.492250
calcite,2320.30,0.486900
calcite,2330.20,0.471800
calcite,2340.20,0.463650
calcite,2350.10,0.471550
calcite,2360.00,0.497300
calcite,2370.00,0.517900
calcite,2379.90,0.526400
calcite,2389.80,0.528000
calcite,2399.70,0.523200
calcite,2409.60,0.517900
calcite,2419.60,0.509250
calcite,2429.50,0.499750
calcite,2439.40,0.489650
calcite,2449.30,0.472250
calcite,2459.20,0.453750
calcite,2469.10,0.438500
calcite,2479.00,0.412600
calcite,2488.90,0.406050
calcite,2498.80,0.385600
calcite,2508.70,0.379200
chalcedony,383.15,0.228900
chalcedony,392.84,0.231000
chalcedony,402.54,0.255500
chalcedony,412.25,0.263900
chalcedony,421.98,0.277400
chalcedony,431.71,0.285200
chalcedony,441.46,0.306000
chalcedony,451.22,0.322350
chalcedony,460.99,0.334800
chalcedony,470.76,0.342100
chalcedony,480.55,0.349600
chalcedony,490.34,0.357550
chalcedony,500.14,0.367600
chalcedony,509.95,0.380150
chalcedony,519.76,0.393200
chalcedony,529.58,0.409400
chalcedony,539.40,0.424300
chalcedony,549.23,0.440200
chalcedony,559.07,0.455800
chalcedony,568.90,0.471600
chalcedony,578.74,0.486400
chalcedony,588.58,0.499200
chalcedony,598.43,0.509600
chalcedony,608.27,0.518200
chalcedony,618.11,0.524650
chalcedony,627.96,0.531400
chalcedony,637.80,0.537650
chalcedony,647.65,0.542600
chalcedony,657.49,0.546850
chalcedony,667.33,0.552900
chalcedony,677.17,0.559000
chalcedony,687.00,0.569250
chalcedony,692.02,0.578600
chalcedony,701.59,0.592150
chalcedony,711.17,0.605650
chalcedony,720.75,0.620150
chalcedony,730.34,0.631600
chalcedony,739.92,0.640350
chalcedony,749.51,0.649700
chalcedony,759.09,0.660600
chalcedony,768.68,0.663950
chalcedony,778.27,0.667100
chalcedony,787.87,0.673450
chalcedony,797.46,0.676300
chalcedony,807.05,0.681150
chalcedony,816.65,0.685650
chalcedony,826.25,0.689900
chalcedony,835.85,0.692300
chalcedony,845.45,0.694900
chalcedony,855.05,0.698400
chalcedony,864.65,0.702200
chalcedony,874.25,0.704500
chalcedony,883.85,0.707100
chalcedony,893.46,0.709350
chalcedony,903.06,0.709900
chalcedony,912.67,0.711300
chalcedony,922.27,0.718300
chalcedony,931.88,0.715550
chalcedony,941.49,0.725200
chalcedony,951.09,0.723600
chalcedony,960.70,0.727800
chalcedony,970.31,0.731600
chalcedony,979.92,0.735550
chalcedony,989.53,0.740300
chalcedony,999.13,0.744050
chalcedony,1008.70,0.748250
chalcedony,1018.30,0.753050
chalcedony,1028.00,0.757000
chalcedony,1037.60,0.761100
chalcedony,1047.20,0.764900
chalcedony,1056.80,0.767800
chalcedony,1066.40,0.771300
chalcedony,1076.00,0.772700
chalcedony,1085.60,0.774250
chalcedony,1095.20,0.774650
chalcedony,1104.80,0.775950
chalcedony,1114.40,0.777700
chalcedony,1124.00,0.774600
chalcedony,1133.60,0.788000
chalcedony,1143.20,0.790000
chalcedony,1152.80,0.779500
chalcedony,1162.40,0.784650
chalcedony,1172.00,0.786700
chalcedony,1181.60,0.788300
chalcedony,1191.20,0.790600
chalcedony,1200.80,0.792850
chalcedony,1210.40,0.794950
chalcedony,1220.00,0.800850
chalcedony,1229.60,0.804150
chalcedony,1239.20,0.807300
chalcedony,1248.80,0.809000
chalcedony,1258.40,0.812700
chalcedony,1268.00,0.813300
chalcedony,1272.80,0.819000
chalcedony,1282.80,0.820300
chalcedony,1292.70,0.820100
chalcedony,1302.70,0.820250
chalcedony,1312.60,0.818650
chalcedony,1322.60,0.815500
chalcedony,1332.60,0.805300
chalcedony,1342.50,0.809750
chalcedony,1352.50,0.802150
chalcedony,1362.40,0.001000
chalcedony,1372.40,0.718400
chalcedony,1382.40,0.703650
chalcedony,1392.30,0.763250
chalcedony,1402.30,0.721700
chalcedony,1412.20,0.694500
chalcedony,1422.20,0.690500
chalcedony,1432.20,0.695450
chalcedony,1442.10,0.701500
chalcedony,1452.10,0.705950
chalcedony,1462.00,0.707900
chalcedony,1472.00,0.711800
chalcedony,1481.90,0.712950
chalcedony,1491.90,0.722300
chalcedony,1501.90,0.730700
chalcedony,1511.80,0.738700
chalcedony,1521.80,0.745650
chalcedony,1531.70,0.752850
chalcedony,1541.70,0.757150
chalcedony,1551.70,0.761950
chalcedony,1561.60,0.764400
chalcedony,1571.60,0.769900
chalcedony,1581.50,0.772400
chalcedony,1591.50,0.774800
chalcedony,1601.40,0.779550
chalcedony,1611.40,0.783600
chalcedony,1621.30,0.786100
chalcedony,1631.30,0.788650
chalcedony,1641.20,0.791750
chalcedony,1651.20,0.792750
chalcedony,1661.20,0.793950
chalcedony,1671.10,0.792450
chalcedony,1681.10,0.791300
chalcedony,1691.00,0.789300
chalcedony,1701.00,0.786350
chalcedony,1710.90,0.781650
chalcedony,1720.90,0.780600
chalcedony,1730.80,0.778050
chalcedony,1740.80,0.779500
chalcedony,1750.70,0.778750
chalcedony,1760.70,0.775700
chalcedony,1770.60,0.778700
chalcedony,1780.60,0.776550
chalcedony,1790.50,0.783400
chalcedony,1800.50,0.785650
chalcedony,1810.40,0.801450
chalcedony,1820.40,0.868000
chalcedony,1830.30,0.783900
chalcedony,1840.30,0.770350
chalcedony,1850.20,0.807200
chalcedony,1860.20,0.712200
chalcedony,1870.10,0.747100
chalcedony,1880.10,0.789600
chalcedony,1880.40,0.649700
chalcedony,1890.40,0.604700
chalcedony,1900.50,0.590100
chalcedony,1910.60,0.505200
chalcedony,1920.60,0.648750
chalcedony,1930.60,0.652200
chalcedony,1940.70,0.603350
chalcedony,1950.70,0.626850
chalcedony,1960.80,0.634750
chalcedony,1970.80,0.644550
chalcedony,1980.80,0.653900
chalcedony,1990.80,0.667050
chalcedony,2000.90,0.685100
chalcedony,2010.90,0.703700
chalcedony,2020.90,0.704700
chalcedony,2030.90,0.696850
chalcedony,2040.90,0.695750
chalcedony,2050.90,0.697000
chalcedony,2060.90,0.693600
chalcedony,2071.00,0.694250
chalcedony,2081.00,0.690350
chalcedony,2091.00,0.691850
chalcedony,2101.00,0.689300
chalcedony,2111.00,0.692800
chalcedony,2121.00,0.694800
chalcedony,2130.90,0.694900
chalcedony,2140.90,0.691600
chalcedony,2150.90,0.685300
chalcedony,2160.90,0.674000
chalcedony,2170.90,0.661550
chalcedony,2180.90,0.643000
chalcedony,2190.80,0.628800
chalcedony,2200.80,0.615900
chalcedony,2210.80,0.611200
chalcedony,2220.80,0.613350
chalcedony,2230.70,0.614300
chalcedony,2240.70,0.609050
chalcedony,2250.60,0.603700
chalcedony,2260.60,0.598500
chalcedony,2270.60,0.595200
chalcedony,2280.50,0.591600
chalcedony,2290.40,0.588500
chalcedony,2300.40,0.586700
chalcedony,2310.40,0.580600
chalcedony,2320.30,0.588500
chalcedony,2330.20,0.587700
chalcedony,2340.20,0.589400
chalcedony,2350.10,0.586500
chalcedony,2360.00,0.589800
chalcedony,2370.00,0.590300
chalcedony,2379.90,0.586000
chalcedony,2389.80,0.582000
chalcedony,2399.70,0.573550
chalcedony,2409.60,0.565750
chalcedony,2419.60,0.553850
chalcedony,2429.50,0.543350
chalcedony,2439.40,0.531000
chalcedony,2449.30,0.513550
chalcedony,2459.20,0.496600
chalcedony,2469.10,0.484350
chalcedony,2479.00,0.471800
chalcedony,2488.90,0.459500
chalcedony,2498.80,0.457400
chalcedony,2508.70,0.443600
muscovite,383.15,0.205400
muscovite,392.84,0.180900
muscovite,402.54,0.204200
muscovite,412.25,0.203600
muscovite,421.98,0.212800
muscovite,431.71,0.213700
muscovite,441.46,0.232300
muscovite,451.22,0.246100
muscovite,460.99,0.254700
muscovite,470.76,0.256700
muscovite,480.55,0.262800
muscovite,490.34,0.266750
muscovite,500.14,0.276250
muscovite,509.95,0.287000
muscovite,519.76,0.298600
muscovite,529.58,0.314000
muscovite,539.40,0.327400
muscovite,549.23,0.342700
muscovite,559.07,0.355550
muscovite,568.90,0.369050
muscovite,578.74,0.381600
muscovite,588.58,0.392700
muscovite,598.43,0.401000
muscovite,608.27,0.408700
muscovite,618.11,0.413300
muscovite,627.96,0.418100
muscovite,637.80,0.423100
muscovite,647.65,0.426650
muscovite,657.49,0.430150
muscovite,667.33,0.434400
muscovite,677.17,0.439900
muscovite,687.00,0.449700
muscovite,692.02,0.458050
muscovite,701.59,0.471550
muscovite,711.17,0.486250
muscovite,720.75,0.499200
muscovite,730.34,0.510800
muscovite,739.92,0.520350
muscovite,749.51,0.527100
muscovite,759.09,0.536500
muscovite,768.68,0.537100
muscovite,778.27,0.539800
muscovite,787.87,0.542200
muscovite,797.46,0.543800
muscovite,807.05,0.545550
muscovite,816.65,0.546400
muscovite,826.25,0.546300
muscovite,835.85,0.546250
muscovite,845.45,0.546600
muscovite,855.05,0.546900
muscovite,864.65,0.546800
muscovite,874.25,0.547750
muscovite,883.85,0.548800
muscovite,893.46,0.548500
muscovite,903.06,0.547300
muscovite,912.67,0.548650
muscovite,922.27,0.551450
muscovite,931.88,0.552500
muscovite,941.49,0.556100
muscovite,951.09,0.556100
muscovite,960.70,0.558200
muscovite,970.31,0.560900
muscovite,979.92,0.565100
muscovite,989.53,0.568500
muscovite,999.13,0.573000
muscovite,1008.70,0.576050
muscovite,1018.30,0.580350
muscovite,1028.00,0.584550
muscovite,1037.60,0.587900
muscovite,1047.20,0.591650
muscovite,1056.80,0.595050
muscovite,1066.40,0.598050
muscovite,1076.00,0.600300
muscovite,1085.60,0.602250
muscovite,1095.20,0.602200
muscovite,1104.80,0.605000
muscovite,1114.40,0.607400
muscovite,1124.00,0.607150
muscovite,1133.60,0.615850
muscovite,1143.20,0.616750
muscovite,1152.80,0.613550
muscovite,1162.40,0.617250
muscovite,1172.00,0.619800
muscovite,1181.60,0.622050
muscovite,1191.20,0.627650
muscovite,1200.80,0.629850
muscovite,1210.40,0.633250
muscovite,1220.00,0.638600
muscovite,1229.60,0.642950
muscovite,1239.20,0.647500
muscovite,1248.80,0.651350
muscovite,1258.40,0.654450
muscovite,1268.00,0.655000
muscovite,1272.80,0.662150
muscovite,1282.80,0.662550
muscovite,1292.70,0.662550
muscovite,1302.70,0.662100
muscovite,1312.60,0.661600
muscovite,1322.60,0.660800
muscovite,1332.60,0.652750
muscovite,1342.50,0.656350
muscovite,1352.50,0.667900
muscovite,1362.40,0.001000
muscovite,1372.40,0.607500
muscovite,1382.40,0.616400
muscovite,1392.30,0.644200
muscovite,1402.30,0.617900
muscovite,1412.20,0.589700
muscovite,1422.20,0.590950
muscovite,1432.20,0.594250
muscovite,1442.10,0.600500
muscovite,1452.10,0.606100
muscovite,1462.00,0.606100
muscovite,1472.00,0.603750
muscovite,1481.90,0.606350
muscovite,1491.90,0.616950
muscovite,1501.90,0.626100
muscovite,1511.80,0.632450
muscovite,1521.80,0.639150
muscovite,1531.70,0.642950
muscovite,1541.70,0.647100
muscovite,1551.70,0.651600
muscovite,1561.60,0.654200
muscovite,1571.60,0.658200
muscovite,1581.50,0.659600
muscovite,1591.50,0.663200
muscovite,1601.40,0.667100
muscovite,1611.40,0.670100
muscovite,1621.30,0.673400
muscovite,1631.30,0.677100
muscovite,1641.20,0.678050
muscovite,1651.20,0.680250
muscovite,1661.20,0.681350
muscovite,1671.10,0.681200
muscovite,1681.10,0.680800
muscovite,1691.00,0.680200
muscovite,1701.00,0.678800
muscovite,1710.90,0.677150
muscovite,1720.90,0.676950
muscovite,1730.80,0.673900
muscovite,1740.80,0.673700
muscovite,1750.70,0.672850
muscovite,1760.70,0.671450
muscovite,1770.60,0.674300
muscovite,1780.60,0.671400
muscovite,1790.50,0.676200
muscovite,1800.50,0.677050
muscovite,1810.40,0.694500
muscovite,1820.40,0.754900
muscovite,1830.30,0.707050
muscovite,1840.30,0.686450
muscovite,1850.20,0.801300
muscovite,1860.20,0.618050
muscovite,1870.10,0.598550
muscovite,1880.10,0.628100
muscovite,1880.40,0.599250
muscovite,1890.40,0.529300
muscovite,1900.50,0.531750
muscovite,1910.60,0.512400
muscovite,1920.60,0.640700
muscovite,1930.60,0.590200
muscovite,1940.70,0.564150
muscovite,1950.70,0.581000
muscovite,1960.80,0.587200
muscovite,1970.80,0.596050
muscovite,1980.80,0.602050
muscovite,1990.80,0.609700
muscovite,2000.90,0.624200
muscovite,2010.90,0.635550
muscovite,2020.90,0.636800
muscovite,2030.90,0.632100
muscovite,2040.90,0.632150
muscovite,2050.90,0.634350
muscovite,2060.90,0.632000
muscovite,2071.00,0.633550
muscovite,2081.00,0.631100
muscovite,2091.00,0.631300
muscovite,2101.00,0.628500
muscovite,2111.00,0.628400
muscovite,2121.00,0.629450
muscovite,2130.90,0.630400
muscovite,2140.90,0.628900
muscovite,2150.90,0.618200
muscovite,2160.90,0.607000
muscovite,2170.90,0.596050
muscovite,2180.90,0.582450
muscovite,2190.80,0.570750
muscovite,2200.80,0.559600
muscovite,2210.80,0.558600
muscovite,2220.80,0.574500
muscovite,2230.70,0.582850
muscovite,2240.70,0.582700
muscovite,2250.60,0.576800
muscovite,2260.60,0.572600
muscovite,2270.60,0.571000
muscovite,2280.50,0.566900
muscovite,2290.40,0.560200
muscovite,2300.40,0.552800
muscovite,2310.40,0.541500
muscovite,2320.30,0.540200
muscovite,2330.20,0.532850
muscovite,2340.20,0.528750
muscovite,2350.10,0.522300
muscovite,2360.00,0.526100
muscovite,2370.00,0.527900
muscovite,2379.90,0.524550
muscovite,2389.80,0.523450
muscovite,2399.70,0.522550
muscovite,2409.60,0.511950
muscovite,2419.60,0.502350
muscovite,2429.50,0.494550
muscovite,2439.40,0.485850
muscovite,2449.30,0.469600
muscovite,2459.20,0.461050
muscovite,2469.10,0.453500
muscovite,2479.00,0.443400
muscovite,2488.90,0.429050
muscovite,2498.80,0.419600
muscovite,2508.70,0.413700
montmorillonite,383.15,0.207600
montmorillonite,392.84,0.199700
montmorillonite,402.54,0.219300
montmorillonite,412.25,0.222300
montmorillonite,421.98,0.232900
montmorillonite,431.71,0.238600
montmorillonite,441.46,0.257600
montmorillonite,451.22,0.272200
montmorillonite,460.99,0.281800
montmorillonite,470.76,0.286100
montmorillonite,480.55,0.293300
montmorillonite,490.34,0.299200
montmorillonite,500.14,0.308800
montmorillonite,509.95,0.321700
montmorillonite,519.76,0.334300
montmorillonite,529.58,0.350900
montmorillonite,539.40,0.366300
montmorillonite,549.23,0.381500
montmorillonite,559.07,0.398700
montmorillonite,568.90,0.414400
montmorillonite,578.74,0.429500
montmorillonite,588.58,0.443000
montmorillonite,598.43,0.454500
montmorillonite,608.27,0.463600
montmorillonite,618.11,0.470900
montmorillonite,627.96,0.476500
montmorillonite,637.80,0.483500
montmorillonite,647.65,0.488950
montmorillonite,657.49,0.494200
montmorillonite,667.33,0.499200
montmorillonite,677.17,0.507350
montmorillonite,687.00,0.516650
montmorillonite,692.02,0.525600
montmorillonite,701.59,0.540900
montmorillonite,711.17,0.556600
montmorillonite,720.75,0.569300
montmorillonite,730.34,0.581450
montmorillonite,739.92,0.590750
montmorillonite,749.51,0.599100
montmorillonite,759.09,0.607800
montmorillonite,768.68,0.610600
montmorillonite,778.27,0.613700
montmorillonite,787.87,0.616000
montmorillonite,797.46,0.619050
montmorillonite,807.05,0.620650
montmorillonite,816.65,0.621850
montmorillonite,826.25,0.622300
montmorillonite,835.85,0.623050
montmorillonite,845.45,0.624250
montmorillonite,855.05,0.625300
montmorillonite,864.65,0.625500
montmorillonite,874.25,0.626900
montmorillonite,883.85,0.627300
montmorillonite,893.46,0.627950
montmorillonite,903.06,0.628000
montmorillonite,912.67,0.629250
montmorillonite,922.27,0.633500
montmorillonite,931.88,0.634100
montmorillonite,941.49,0.639500
montmorillonite,951.09,0.639800
montmorillonite,960.70,0.641200
montmorillonite,970.31,0.645200
montmorillonite,979.92,0.649700
montmorillonite,989.53,0.654250
montmorillonite,999.13,0.658050
montmorillonite,1008.70,0.662550
montmorillonite,1018.30,0.667500
montmorillonite,1028.00,0.671150
montmorillonite,1037.60,0.675100
montmorillonite,1047.20,0.679150
montmorillonite,1056.80,0.681450
montmorillonite,1066.40,0.686350
montmorillonite,1076.00,0.688350
montmorillonite,1085.60,0.691150
montmorillonite,1095.20,0.692200
montmorillonite,1104.80,0.694450
montmorillonite,1114.40,0.695650
montmorillonite,1124.00,0.696750
montmorillonite,1133.60,0.707300
montmorillonite,1143.20,0.706150
montmorillonite,1152.80,0.701050
montmorillonite,1162.40,0.705700
montmorillonite,1172.00,0.708850
montmorillonite,1181.60,0.710150
montmorillonite,1191.20,0.713900
montmorillonite,1200.80,0.716600
montmorillonite,1210.40,0.720300
montmorillonite,1220.00,0.723650
montmorillonite,1229.60,0.728900
montmorillonite,1239.20,0.732100
montmorillonite,1248.80,0.734400
montmorillonite,1258.40,0.736400
montmorillonite,1268.00,0.736950
montmorillonite,1272.80,0.742200
montmorillonite,1282.80,0.744450
montmorillonite,1292.70,0.744950
montmorillonite,1302.70,0.743550
montmorillonite,1312.60,0.743150
montmorillonite,1322.60,0.743150
montmorillonite,1332.60,0.736450
montmorillonite,1342.50,0.738000
montmorillonite,1352.50,0.751800
montmorillonite,1362.40,0.001000
montmorillonite,1372.40,0.714300
montmorillonite,1382.40,0.693850
montmorillonite,1392.30,0.746600
montmorillonite,1402.30,0.702250
montmorillonite,1412.20,0.658600
montmorillonite,1422.20,0.656050
montmorillonite,1432.20,0.663600
montmorillonite,1442.10,0.667850
montmorillonite,1452.10,0.675400
montmorillonite,1462.00,0.677500
montmorillonite,1472.00,0.674500
montmorillonite,1481.90,0.677400
montmorillonite,1491.90,0.689250
montmorillonite,1501.90,0.697400
montmorillonite,1511.80,0.704300
montmorillonite,1521.80,0.709600
montmorillonite,1531.70,0.714500
montmorillonite,1541.70,0.719800
montmorillonite,1551.70,0.721850
montmorillonite,1561.60,0.724550
montmorillonite,1571.60,0.728400
montmorillonite,1581.50,0.730750
montmorillonite,1591.50,0.732450
montmorillonite,1601.40,0.735300
montmorillonite,1611.40,0.739300
montmorillonite,1621.30,0.741900
montmorillonite,1631.30,0.745400
montmorillonite,1641.20,0.745800
montmorillonite,1651.20,0.748400
montmorillonite,1661.20,0.748550
montmorillonite,1671.10,0.747500
montmorillonite,1681.10,0.747050
montmorillonite,1691.00,0.744750
montmorillonite,1701.00,0.741650
montmorillonite,1710.90,0.740650
montmorillonite,1720.90,0.739050
montmorillonite,1730.80,0.737400
montmorillonite,1740.80,0.737100
montmorillonite,1750.70,0.734850
montmorillonite,1760.70,0.734200
montmorillonite,1770.60,0.734700
montmorillonite,1780.60,0.731900
montmorillonite,1790.50,0.737000
montmorillonite,1800.50,0.734800
montmorillonite,1810.40,0.753350
montmorillonite,1820.40,0.805950
montmorillonite,1830.30,0.781100
montmorillonite,1840.30,0.783850
montmorillonite,1850.20,0.833400
montmorillonite,1860.20,0.693000
montmorillonite,1870.10,0.766300
montmorillonite,1880.10,0.705600
montmorillonite,1880.40,0.680600
montmorillonite,1890.40,0.624450
montmorillonite,1900.50,0.636800
montmorillonite,1910.60,0.618150
montmorillonite,1920.60,0.694700
montmorillonite,1930.60,0.650200
montmorillonite,1940.70,0.617400
montmorillonite,1950.70,0.627500
montmorillonite,1960.80,0.639200
montmorillonite,1970.80,0.648050
montmorillonite,1980.80,0.657250
montmorillonite,1990.80,0.665100
montmorillonite,2000.90,0.674000
montmorillonite,2010.90,0.685200
montmorillonite,2020.90,0.690500
montmorillonite,2030.90,0.686500
montmorillonite,2040.90,0.688100
montmorillonite,2050.90,0.687100
montmorillonite,2060.90,0.685100
montmorillonite,2071.00,0.686000
montmorillonite,2081.00,0.684350
montmorillonite,2091.00,0.684500
montmorillonite,2101.00,0.682500
montmorillonite,2111.00,0.682300
montmorillonite,2121.00,0.683650
montmorillonite,2130.90,0.683200
montmorillonite,2140.90,0.679600
montmorillonite,2150.90,0.670850
montmorillonite,2160.90,0.661050
montmorillonite,2170.90,0.649900
montmorillonite,2180.90,0.634100
montmorillonite,2190.80,0.621650
montmorillonite,2200.80,0.609150
montmorillonite,2210.80,0.606500
montmorillonite,2220.80,0.618800
montmorillonite,2230.70,0.627950
montmorillonite,2240.70,0.627200
montmorillonite,2250.60,0.626500
montmorillonite,2260.60,0.622300
montmorillonite,2270.60,0.619400
montmorillonite,2280.50,0.616400
montmorillonite,2290.40,0.610000
montmorillonite,2300.40,0.604600
montmorillonite,2310.40,0.593250
montmorillonite,2320.30,0.595500
montmorillonite,2330.20,0.592400
montmorillonite,2340.20,0.590900
montmorillonite,2350.10,0.583900
montmorillonite,2360.00,0.588350
montmorillonite,2370.00,0.588000
montmorillonite,2379.90,0.581300
montmorillonite,2389.80,0.576100
montmorillonite,2399.70,0.571200
montmorillonite,2409.60,0.563500
montmorillonite,2419.60,0.553100
montmorillonite,2429.50,0.544300
montmorillonite,2439.40,0.533500
montmorillonite,2449.30,0.519000
montmorillonite,2459.20,0.506850
montmorillonite,2469.10,0.497500
montmorillonite,2479.00,0.486000
montmorillonite,2488.90,0.483950
montmorillonite,2498.80,0.463200
montmorillonite,2508.70,0.462400
hematite,383.15,0.250600
hematite,392.84,0.248300
hematite,402.54,0.263500
hematite,412.25,0.272700
hematite,421.98,0.283900
hematite,431.71,0.287500
hematite,441.46,0.307900
hematite,451.22,0.323800
hematite,460.99,0.334750
hematite,470.76,0.340800
hematite,480.55,0.346300
hematite,490.34,0.351900
hematite,500.14,0.362800
hematite,509.95,0.371700
hematite,519.76,0.384400
hematite,529.58,0.399400
hematite,539.40,0.414300
hematite,549.23,0.433100
hematite,559.07,0.452750
hematite,568.90,0.474100
hematite,578.74,0.495700
hematite,588.58,0.514850
hematite,598.43,0.530800
hematite,608.27,0.544700
hematite,618.11,0.555100
hematite,627.96,0.563800
hematite,637.80,0.571800
hematite,647.65,0.577900
hematite,657.49,0.583350
hematite,667.33,0.589900
hematite,677.17,0.598100
hematite,687.00,0.609900
hematite,692.02,0.620200
hematite,701.59,0.638700
hematite,711.17,0.656100
hematite,720.75,0.674000
hematite,730.34,0.688350
hematite,739.92,0.698800
hematite,749.51,0.705450
hematite,759.09,0.715300
hematite,768.68,0.712400
hematite,778.27,0.712500
hematite,787.87,0.713100
hematite,797.46,0.712400
hematite,807.05,0.712600
hematite,816.65,0.713200
hematite,826.25,0.713300
hematite,835.85,0.712950
hematite,845.45,0.711700
hematite,855.05,0.712450
hematite,864.65,0.714000
hematite,874.25,0.715750
hematite,883.85,0.718000
hematite,893.46,0.721550
hematite,903.06,0.723250
hematite,912.67,0.726150
hematite,922.27,0.734150
hematite,931.88,0.736000
hematite,941.49,0.745750
hematite,951.09,0.747700
hematite,960.70,0.755600
hematite,970.31,0.761700
hematite,979.92,0.770500
hematite,989.53,0.778150
hematite,999.13,0.785850
hematite,1008.70,0.793950
hematite,1018.30,0.802700
hematite,1028.00,0.810000
hematite,1037.60,0.818900
hematite,1047.20,0.824400
hematite,1056.80,0.830950
hematite,1066.40,0.836850
hematite,1076.00,0.840650
hematite,1085.60,0.843350
hematite,1095.20,0.846150
hematite,1104.80,0.850300
hematite,1114.40,0.854150
hematite,1124.00,0.855550
hematite,1133.60,0.870150
hematite,1143.20,0.872900
hematite,1152.80,0.864650
hematite,1162.40,0.872300
hematite,1172.00,0.875400
hematite,1181.60,0.877300
hematite,1191.20,0.881400
hematite,1200.80,0.883350
hematite,1210.40,0.886550
hematite,1220.00,0.892700
hematite,1229.60,0.893450
hematite,1239.20,0.895250
hematite,1248.80,0.898100
hematite,1258.40,0.899900
hematite,1268.00,0.897000
hematite,1272.80,0.907250
hematite,1282.80,0.907950
hematite,1292.70,0.908200
hematite,1302.70,0.903800
hematite,1312.60,0.901000
hematite,1322.60,0.895600
hematite,1332.60,0.883550
hematite,1342.50,0.886950
hematite,1352.50,0.872100
hematite,1362.40,0.001000
hematite,1372.40,0.742650
hematite,1382.40,0.739950
hematite,1392.30,0.797000
hematite,1402.30,0.756750
hematite,1412.20,0.746250
hematite,1422.20,0.748000
hematite,1432.20,0.763150
hematite,1442.10,0.776250
hematite,1452.10,0.777950
hematite,1462.00,0.775850
hematite,1472.00,0.757800
hematite,1481.90,0.770900
hematite,1491.90,0.790900
hematite,1501.90,0.807400
hematite,1511.80,0.820400
hematite,1521.80,0.830050
hematite,1531.70,0.837200
hematite,1541.70,0.843850
hematite,1551.70,0.846600
hematite,1561.60,0.851900
hematite,1571.60,0.855200
hematite,1581.50,0.859250
hematite,1591.50,0.862000
hematite,1601.40,0.867700
hematite,1611.40,0.870950
hematite,1621.30,0.873800
hematite,1631.30,0.877500
hematite,1641.20,0.879300
hematite,1651.20,0.879450
hematite,1661.20,0.879500
hematite,1671.10,0.877900
hematite,1681.10,0.875200
hematite,1691.00,0.872600
hematite,1701.00,0.866950
hematite,1710.90,0.860900
hematite,1720.90,0.854650
hematite,1730.80,0.843900
hematite,1740.80,0.835750
hematite,1750.70,0.827200
hematite,1760.70,0.821150
hematite,1770.60,0.826150
hematite,1780.60,0.831300
hematite,1790.50,0.845850
hematite,1800.50,0.852400
hematite,1810.40,0.873300
hematite,1820.40,0.926000
hematite,1830.30,0.898850
hematite,1840.30,0.773600
hematite,1850.20,0.823500
hematite,1860.20,0.796100
hematite,1870.10,0.779500
hematite,1880.10,0.814200
hematite,1880.40,0.677900
hematite,1890.40,0.641850
hematite,1900.50,0.611450
hematite,1910.60,0.516100
hematite,1920.60,0.717500
hematite,1930.60,0.709700
hematite,1940.70,0.665400
hematite,1950.70,0.688200
hematite,1960.80,0.689950
hematite,1970.80,0.696300
hematite,1980.80,0.702150
hematite,1990.80,0.708450
hematite,2000.90,0.720400
hematite,2010.90,0.731300
hematite,2020.90,0.730650
hematite,2030.90,0.720550
hematite,2040.90,0.718050
hematite,2050.90,0.715600
hematite,2060.90,0.709300
hematite,2071.00,0.706050
hematite,2081.00,0.699900
hematite,2091.00,0.694400
hematite,2101.00,0.683500
hematite,2111.00,0.669850
hematite,2121.00,0.654000
hematite,2130.90,0.635850
hematite,2140.90,0.617800
hematite,2150.90,0.593500
hematite,2160.90,0.572450
hematite,2170.90,0.565600
hematite,2180.90,0.561850
hematite,2190.80,0.566950
hematite,2200.80,0.562500
hematite,2210.80,0.551400
hematite,2220.80,0.603150
hematite,2230.70,0.635650
hematite,2240.70,0.645200
hematite,2250.60,0.647200
hematite,2260.60,0.643900
hematite,2270.60,0.639200
hematite,2280.50,0.629800
hematite,2290.40,0.619400
hematite,2300.40,0.611750
hematite,2310.40,0.582950
hematite,2320.30,0.571550
hematite,2330.20,0.573000
hematite,2340.20,0.582200
hematite,2350.10,0.582900
hematite,2360.00,0.585850
hematite,2370.00,0.576150
hematite,2379.90,0.557100
hematite,2389.80,0.534200
hematite,2399.70,0.525100
hematite,2409.60,0.518750
hematite,2419.60,0.501550
hematite,2429.50,0.485100
hematite,2439.40,0.472350
hematite,2449.30,0.462300
hematite,2459.20,0.445250
hematite,2469.10,0.439550
hematite,2479.00,0.436000
hematite,2488.90,0.424150
hematite,2498.80,0.408300
hematite,2508.70,0.405900
goethite,383.15,0.205400
goethite,392.84,0.197700
goethite,402.54,0.218900
goethite,412.25,0.221600
goethite,421.98,0.232100
goethite,431.71,0.238100
goethite,441.46,0.257500
goethite,451.22,0.272100
goethite,460.99,0.281200
goethite,470.76,0.283400
goethite,480.55,0.288700
goethite,490.34,0.293500
goethite,500.14,0.303300
goethite,509.95,0.314800
goethite,519.76,0.327050
goethite,529.58,0.344200
goethite,539.40,0.360300
goethite,549.23,0.377300
goethite,559.07,0.393800
goethite,568.90,0.409600
goethite,578.74,0.424300
goethite,588.58,0.436700
goethite,598.43,0.447100
goethite,608.27,0.455500
goethite,618.11,0.460800
goethite,627.96,0.466950
goethite,637.80,0.472800
goethite,647.65,0.476900
goethite,657.49,0.480450
goethite,667.33,0.485200
goethite,677.17,0.492500
goethite,687.00,0.503700
goethite,692.02,0.513350
goethite,701.59,0.530650
goethite,711.17,0.549550
goethite,720.75,0.565250
goethite,730.34,0.579300
goethite,739.92,0.590300
goethite,749.51,0.598400
goethite,759.09,0.608700
goethite,768.68,0.608200
goethite,778.27,0.609300
goethite,787.87,0.609850
goethite,797.46,0.610800
goethite,807.05,0.611300
goethite,816.65,0.609900
goethite,826.25,0.609900
goethite,835.85,0.607600
goethite,845.45,0.607650
goethite,855.05,0.606750
goethite,864.65,0.606400
goethite,874.25,0.606900
goethite,883.85,0.606350
goethite,893.46,0.606600
goethite,903.06,0.605850
goethite,912.67,0.607850
goethite,922.27,0.611950
goethite,931.88,0.613050
goethite,941.49,0.619600
goethite,951.09,0.619500
goethite,960.70,0.621300
goethite,970.31,0.627000
goethite,979.92,0.631600
goethite,989.53,0.637050
goethite,999.13,0.642350
goethite,1008.70,0.647450
goethite,1018.30,0.654100
goethite,1028.00,0.660150
goethite,1037.60,0.666150
goethite,1047.20,0.671500
goethite,1056.80,0.676700
goethite,1066.40,0.682400
goethite,1076.00,0.686000
goethite,1085.60,0.690050
goethite,1095.20,0.693000
goethite,1104.80,0.697200
goethite,1114.40,0.700050
goethite,1124.00,0.701600
goethite,1133.60,0.716000
goethite,1143.20,0.717800
goethite,1152.80,0.713050
goethite,1162.40,0.720150
goethite,1172.00,0.725950
goethite,1181.60,0.729250
goethite,1191.20,0.733700
goethite,1200.80,0.737700
goethite,1210.40,0.743500
goethite,1220.00,0.749950
goethite,1229.60,0.753800
goethite,1239.20,0.758400
goethite,1248.80,0.762150
goethite,1258.40,0.765750
goethite,1268.00,0.765600
goethite,1272.80,0.773100
goethite,1282.80,0.775850
goethite,1292.70,0.776950
goethite,1302.70,0.776750
goethite,1312.60,0.775650
goethite,1322.60,0.773950
goethite,1332.60,0.764300
goethite,1342.50,0.768950
goethite,1352.50,0.767000
goethite,1362.40,0.001000
goethite,1372.40,0.675650
goethite,1382.40,0.666550
goethite,1392.30,0.720450
goethite,1402.30,0.683850
goethite,1412.20,0.660950
goethite,1422.20,0.660300
goethite,1432.20,0.668800
goethite,1442.10,0.681350
goethite,1452.10,0.682400
goethite,1462.00,0.681450
goethite,1472.00,0.669600
goethite,1481.90,0.676300
goethite,1491.90,0.698100
goethite,1501.90,0.709800
goethite,1511.80,0.720650
goethite,1521.80,0.729700
goethite,1531.70,0.736300
goethite,1541.70,0.741300
goethite,1551.70,0.746000
goethite,1561.60,0.749850
goethite,1571.60,0.754000
goethite,1581.50,0.756550
goethite,1591.50,0.759400
goethite,1601.40,0.762800
goethite,1611.40,0.767400
goethite,1621.30,0.769100
goethite,1631.30,0.772100
goethite,1641.20,0.774800
goethite,1651.20,0.774800
goethite,1661.20,0.775950
goethite,1671.10,0.774150
goethite,1681.10,0.772900
goethite,1691.00,0.770300
goethite,1701.00,0.766500
goethite,1710.90,0.763800
goethite,1720.90,0.758650
goethite,1730.80,0.753900
goethite,1740.80,0.748600
goethite,1750.70,0.742300
goethite,1760.70,0.737900
goethite,1770.60,0.739650
goethite,1780.60,0.742850
goethite,1790.50,0.754550
goethite,1800.50,0.759200
goethite,1810.40,0.774200
goethite,1820.40,0.811600
goethite,1830.30,0.763000
goethite,1840.30,0.746050
goethite,1850.20,0.799100
goethite,1860.20,0.661350
goethite,1870.10,0.645350
goethite,1880.10,0.641200
goethite,1880.40,0.646100
goethite,1890.40,0.608400
goethite,1900.50,0.560100
goethite,1910.60,0.495100
goethite,1920.60,0.644500
goethite,1930.60,0.648050
goethite,1940.70,0.612600
goethite,1950.70,0.631150
goethite,1960.80,0.635700
goethite,1970.80,0.643600
goethite,1980.80,0.648650
goethite,1990.80,0.654400
goethite,2000.90,0.666200
goethite,2010.90,0.676700
goethite,2020.90,0.675850
goethite,2030.90,0.668300
goethite,2040.90,0.666000
goethite,2050.90,0.666850
goethite,2060.90,0.662300
goethite,2071.00,0.661150
goethite,2081.00,0.657800
goethite,2091.00,0.654750
goethite,2101.00,0.647450
goethite,2111.00,0.641150
goethite,2121.00,0.634100
goethite,2130.90,0.626400
goethite,2140.90,0.617600
goethite,2150.90,0.599750
goethite,2160.90,0.584300
goethite,2170.90,0.573700
goethite,2180.90,0.560500
goethite,2190.80,0.553500
goethite,2200.80,0.549350
goethite,2210.80,0.544700
goethite,2220.80,0.576000
goethite,2230.70,0.598300
goethite,2240.70,0.602900
goethite,2250.60,0.601600
goethite,2260.60,0.596400
goethite,2270.60,0.593100
goethite,2280.50,0.589400
goethite,2290.40,0.579200
goethite,2300.40,0.571700
goethite,2310.40,0.550400
goethite,2320.30,0.541250
goethite,2330.20,0.538300
goethite,2340.20,0.542550
goethite,2350.10,0.538200
goethite,2360.00,0.543800
goethite,2370.00,0.538550
goethite,2379.90,0.528700
goethite,2389.80,0.514200
goethite,2399.70,0.505400
goethite,2409.60,0.498050
goethite,2419.60,0.485350
goethite,2429.50,0.471200
goethite,2439.40,0.462750
goethite,2449.30,0.449100
goethite,2459.20,0.438700
goethite,2469.10,0.428300
goethite,2479.00,0.422550
goethite,2488.90,0.407000
goethite,2498.80,0.396050
goethite,2508.70,0.391000
